[
  {
    "username": "Osaremen Godsent",
    "email": "osaremengodsent@gmail.com",
    "password": "1234"
  },
  {
    "username": "CODER X",
    "email": "osaremengodstar@gmail.com",
    "password": "1234"
  },
  {
    "username": "what the heckkkkkkkkkkkkkkkkkkkkkkkk",
    "email": "whattheheck@yah.com",
    "password": "what"
  },
  {
    "username": "Lova",
    "email": "oregt",
    "password": "1234"
  },
  {
    "username": "Lova",
    "email": "oregy@gmsil.com",
    "password": "1234"
  }
]