[
  {
    "date": "10/20/2025, 3:57:28 PM",
    "browser": "Chrome",
    "device": "Mobile",
    "ip": "::1"
  },
  {
    "email": "osaremengodsent@gmail.com",
    "time": "10/20/2025, 4:07:51 PM",
    "browser": "Chrome",
    "device": "Mobile",
    "ip": "::1",
    "success": true
  },
  {
    "email": "osaremengodsent@gmail.com",
    "time": "10/20/2025, 4:46:39 PM",
    "browser": "Chrome",
    "device": "Mobile",
    "ip": "::1",
    "success": true
  },
  {
    "email": "osaremengodsent@gmail.com",
    "time": "10/20/2025, 4:58:46 PM",
    "browser": "Chrome",
    "device": "Mobile",
    "ip": "::1",
    "success": true
  },
  {
    "email": "osaremengodsent@gmail.com",
    "time": "10/23/2025, 10:19:53 AM",
    "browser": "Chrome",
    "device": "Mobile",
    "ip": "::1",
    "success": true
  },
  {
    "email": "osaremengodsent@gmail.com",
    "time": "10/23/2025, 10:20:06 AM",
    "browser": "Chrome",
    "device": "Mobile",
    "ip": "::1",
    "success": true
  },
  {
    "email": "osaremengodsent@gmail.com",
    "time": "10/24/2025, 10:39:04 AM",
    "browser": "Chrome",
    "device": "Mobile",
    "ip": "::1",
    "success": false
  },
  {
    "email": "osaremengodsent@gmail.com",
    "time": "10/24/2025, 10:39:31 AM",
    "browser": "Chrome",
    "device": "Mobile",
    "ip": "::1",
    "success": true
  }
]